Informal ,formal 
இரிங்க,இருங்கள்
வாங்க,வாருங்கள்
வாரேன்,வருகிறேன்
வாரான்,வருகிறான்
வாரால்,வருகிறாள்
வந்தாங்க,வந்தார்கள்
வாறாங்க,வருகிறார்கள்
வருவாங்க,வருவார்கள்
வந்தீங்க,வந்தீர்கள்
வாறீங்க,வருகிறீர்கள்
வருவீங்க,வருவீர்கள்
வந்திச்சி,வந்தது
வருது,வருகின்றது
போங்க,செல்லுங்கள்
போறாங்க,செல்கிறார்கள்
போரால்,செல்கிறாள்
போறான்,செல்கிறான்
போகுது,செல்கின்றது
போறேன்,செல்கிறேன்
பெய்தாங்க,சென்றனர்
போரொன்று,செல்வார்கள்
பெய்டிச்சி,சென்றது
பெய்திச்சி,சென்றது
பெய்ட்டேன்,சென்றேன்
பெய்த்தேன்,சென்றேன்
தாங்க,தாருங்கள்
தாரேன்,தருகிறேன்
தாரால்,தருகிறாள்
தாரான்,தருகிறான்
தந்தாங்க,தந்தார்கள்
தாராங்க,தருகிறார்கள்
தருவாங்க,தருவார்கள்
தந்தீங்க,தந்தீர்கள்
தருவீங்க,தருவீர்கள்
தாறீங்க,தருகின்றீர்கள்
தந்திச்சி,தந்தது
தருது,தருகின்றது
குடுங்க,கொடுங்கள்
குடுத்தேன்,கொடுத்தேன்
குடுக்குறேன்,கொடுக்கின்றேன்
குடுப்பேன்,கொடுப்பேன்
குடுத்தான்,கொடுத்தான்
குடுக்குறான்,கொடுக்கின்றான்
குடுப்பான்,கொடுப்பான்
குடுத்தாள்,கொடுத்தாள்
குடுக்குறாள்,கொடுக்கின்றாள்
குடுப்பால்,கொடுப்பாள்
குடுக்குறாங்க,கொடுக்கின்றார்கள்
குடுத்தாங்க,கொடுத்தார்கள்
குடுப்பாங்க,கொடுப்பார்கள்
குடுத்தீங்க,கொடுத்தீர்கள்
குடுக்குறீங்க,கொடுக்கின்றீர்கள்
குடுப்பீங்க,கொடுப்பீர்கள்
குடுத்திச்சி,கொடுத்தது
குடுக்குது,கொடுக்கின்றது
குடுக்கும்,கொடுக்கும்
தின்னுங்க,உண்ணுங்கள்
திண்டேன்,உண்டேன்
தின்றேன்,உண்ணுகிறேன்
தின்னுவேன்,உண்ணுவேன்
திண்டான்,உண்டான்
திண்டால்,உண்டாள்
தின்றான்,உண்ணுகிறான்
தின்றால்,உண்ணுகிறாள்
தின்னுவான்,உண்ணுவான்
தின்னுவாள்,உண்ணுவாள்
திண்டாங்க,உண்டார்கள்
தின்றாங்க,உண்ணுகிறார்கள்
தின்னுவாங்க,உண்ணுவார்கள்
திண்டீங்க,உண்டீர்கள்
தின்றீங்க,உண்ணுகிறீர்கள்
திண்ணுவீங்க,உண்ணுவீர்கள்
திண்டிச்சி,உண்டது
தின்னுது,உண்ணுகிறது
தின்னும்,உண்ணும்
உக்காருங்க,அமருங்கள்
உக்காந்தேன்,அமர்ந்தேன்
உக்காருறேன்,அமருகிறேன்
உக்காருவேன்,அமருவேன்
உக்காந்தான்,அமர்ந்தான்
உக்கார்றான்,அமருகிறான்
உக்காருவான்,அமருவான்
உக்காந்தாள்,அமர்ந்தாள்
உக்கார்றாள்,அமருகிறாள்
உக்காருவால்,அமருவாள்
உக்காந்தாங்க,அமர்ந்தனர்
உக்கார்றாங்க,அமர்கின்றனர்
உக்காருவாங்க,அமருவார்கள்
உக்காந்தீங்க,அமர்ந்தீர்கள்
உக்கார்றீங்க,அமருகின்றீர்கள்
உக்காருவீங்க,அமருவீர்கள்
உக்காந்திச்சி,அமர்ந்தது
உக்காருது,அமருகின்றது
உக்காரும்,அமரும்
முடிஞ்சி,முடிந்தது
முடிச்சேன்,முடித்தேன்
முடிச்சுறேன்,முடிக்கின்றேன்
முடிச்சுவேன்,முடிப்பேன்
முடிச்சிச்சி,முடித்தது
முடிச்சுது,முடிகின்றது
முடிச்சும்,முடிக்கும்
முடிச்சான்,முடித்தான்
முடிச்சுறான்,முடிக்கிறான்
முடிச்சுவான்,முடிப்பான்
முடிச்சால்,முடித்தாள்
முடிச்சுறாள்,முடிக்கிறாள்
முடிச்சுவாள்,முடிப்பாள்
முடிச்சாங்க,முடித்தார்கள்
முடிச்சுறாங்க,முடிக்கிறார்கள்
முடிப்பாங்க,முடிப்பார்கள்
முடிசீங்க,முடிப்பீர்கள்
முடிச்சுறீங்க,முடிக்கின்றீர்கள்
முடிச்சுவீங்க,முடிப்பீர்கள்
தொடங்குற,தொடங்குகின்ற
தொடங்குறேன்,தொடங்குகிறேன்
தொடங்குறான்,தொடங்குகின்றான்
தொடங்குறாள்,தொடங்குகின்றாள்
தொடங்கினாங்க,தொடங்கினார்கள்
தொடங்குறாங்க,தொடங்குகிறார்கள்
தொடங்குவாங்க,தொடங்குவார்கள்
தொடங்கினீங்க,தொடங்கினீர்கள்
தொடங்குறீங்க,தொடன்கின்றீர்கள்
தொடங்குவீங்க,தொடங்குவீர்கள்
தொடங்கிச்சி,தொடங்கியது
தொடங்குது,தொடங்குகின்றது
ஆரம்பிச்சுர,ஆரம்பிக்கின்ற
ஆரம்பிச்சேன்,ஆரம்பித்தேன்
ஆரம்பிச்சுறேன்,ஆரம்பிக்கின்றேன்
ஆரம்பிச்சுவேன்,ஆரம்பிப்பேன்
ஆரம்பிச்சிச்சி,ஆரம்பித்தது
ஆரம்பிச்சுது,ஆரம்பிக்கின்றது
ஆரம்பிச்சும்,ஆரம்பிக்கும்
ஆரம்பிச்சான்,ஆரம்பித்தான்
ஆரம்பிச்சுறான்,ஆரம்பிக்கின்றான்
ஆரம்பிச்சுவான்,ஆரம்பிப்பான்
ஆரம்பிச்சுவாள்,ஆரம்பிப்பாள்
ஆரம்பிச்சுறாள்,ஆரம்பிக்கிறாள்
ஆரம்பிச்சாள்,ஆரம்பித்தாள்
ஆரம்பிச்சாங்க,ஆரம்பித்தனர்
ஆரம்பிச்சுறாங்க,ஆரம்பிக்கின்றனர்
ஆரம்பிச்சுவாங்க,ஆரம்பிப்பனர்
ஆரம்பிசீங்க,ஆரம்பித்தீர்கள்
ஆரம்பிசுறீங்க,ஆரம்பிக்கின்றீர்கள்
ஆரம்பிசுவீங்க,ஆரம்பிச்சுவீர்கள்
ஏலா,முடியாது
ஏலும்,முடியும்
இருக்கு,இருக்கின்றது
ஈகிற,இருக்கின்ற
ஈந்தேன்,இருந்தேன்
ஈகிறேன்,இருக்கின்றேன்
ஈப்பேன்,இருப்பேன்
ஈந்திச்சி,இருந்தது
ஈக்கிது,இருக்கின்றது
ஈக்கிம்,இருக்கும்
ஈந்தான்,இருந்தான்
ஈகிறான்,இருக்கின்றான்
ஈப்பான்,இருப்பான்
ஈந்தால்,இருந்தாள்
ஈகிறாள்,இருக்கின்றாள்
ஈப்பால்,இருப்பாள்
ஈந்தாங்க,இருந்தனர்
ஈக்கிறாங்க,இருக்கின்றனர்
ஈப்பாங்க,இருப்பார்கள்
ஈந்தீங்க,இருந்தீர்கள்
ஈக்கிறீங்க,இருக்கின்றீர்கள்
ஈப்பீங்க,இருப்பீர்கள்
செத்து,இறந்து
செத்திச்சி,இறந்தது
செத்தான்,இறந்தான்
செத்தால்,இறந்தாள்
சாஹுவாங்க,இறப்பார்கள்
செத்தாங்க,இறந்தார்கள்
சாஹுவீங்க,இறப்பீர்கள்
சாகும்,இறக்கும்
சாஹுது,இறக்கிறன்றது
சாகுவேன்,இறப்பேன்
சாகுறேன்,இறக்கிறேன்
சாகுறான்,இறக்கிறான்
சாஹுவான்,இறப்பான்
சாகுறாள்,இறக்கிறாள்
சாஹுவால்,இறப்பாள்
சாகுறாங்க,இறக்கிறார்கள்
சாஹுறீங்க,இறக்கிறீர்கள்
செத்தீங்க,இறந்தீர்கள்
செத்தேன்,இறந்தேன்
பொறந்து,பிறந்து
பொறந்திச்சி,பிறந்தது
பொறந்தான்,பிறந்தான்
பொறந்தால்,பிறந்தாள்
பொறப்பாங்க,பிறப்பார்கள்
பொறந்தாங்க,பிறந்தார்கள்
போறப்பீங்க,பிறப்பீர்கள்
பொறக்கும்,பிறக்கும்
பொறக்குது,பிறக்கின்றது
பொறப்பேன்,பிறப்பேன்
பொறக்குறான்,பிறக்கின்றான்
பொறப்பான்,பிறப்பான்
பொறக்குறாள்,பிறக்கின்றாள்
பொறப்பால்,பிறப்பாள்
பொறக்குறீங்க,பிறக்கின்றீர்கள்
பொறக்குறீங்க,பிறக்கின்றீர்கள்
பொறந்தீங்க,பிறந்தீர்கள்
பொறந்தேன்,பிறந்தேன்
பொறக்குறேன்,பிறக்கின்றேன்
நிண்ட,நின்ற
நிக்குது,நிற்றுகின்றது
நிண்டிச்சி,நின்றது
நிண்டான்,நின்றான்
நிண்டால்,நின்றாள்
நிக்கும்,நிற்கும்
நிப்பீங்க,நிற்பீர்கள்
நிப்பாங்க,நிற்பார்கள்
நிண்டாங்க,நின்றார்கள்
நிக்குறீங்க,நிற்கிறீர்கள்
நிக்குறேன்,நிற்கிறேன்
நிப்பேன்,நிற்பேன்
நிக்குறான்,நிட்கின்றான்
நிப்பான்,நிற்பான்
நிக்குறாள்,நிற்கின்றாள்
நிப்பால்,நிற்பாள்
நிக்குறாங்க,நிற்கின்றார்கள்
நிண்டீங்க,நின்றீர்கள்
மூட்ற,மூடுதல்
மூடிச்சி,மூடியது
மூட்றான்,மூடுகிறான்
மூட்றால்,மூடுகிறாள்
மூடுவாங்க,மூடுவார்கள்
மூடினாங்க,மூடினார்கள்
மூடுவீங்க,மூடுவீர்கள்
மூட்றேன்,மூடுகிறேன்
மூடுது,மூடுகின்றது
மூடினாங்க,மூடினார்கள்
மூட்றாங்க,மூடுகிறார்கள்
மூடுறீங்க,மூடுகிறீர்கள்
மூடினீங்க,மூடினீர்கள்
தூங்குற,உறங்குதல்
தூங்குது,உறங்குகிறது
தூங்கிச்சி,உறங்கியது
தூங்குறான்,உறங்குகிறான்
தூங்குறாள்,உறங்குகிறாள்
தூங்கும்,உறங்கும்
தூங்குவீங்க,உறங்குவீர்கள்
தூக்கினாங்க,உறங்கினார்கள்
தூங்குவாங்க,உறங்குவார்கள்
தூங்குறீங்க,உறங்குகின்றீர்
தூங்குறேன்,உறங்குகிறேன்
தூங்குவேன்,உறங்குவேன்
தூங்குறாங்க,தூங்குகின்றார்கள்
தூங்கினீங்க,தூங்கினீர்கள்
எழும்புற,எளுந்திரு
எலும்பிச்சி,எழுந்தது
எலும்பும்,எழுந்திருக்கும்
எலும்பினான்,எழுந்தான்
எழும்பினாள்,எழுந்தாள்
எழும்புவாங்க,எழுவார்கள்
எலும்புவீங்க,எழுவீர்கள்
எலும்பினீங்க,எழுந்தீர்கள்
எழுப்புவேன்,எழுவேன்
எழும்பினேன்,எழுந்தேன்
எலும்புறேன்,எழுகிறேன்
எழும்புது,எழுகின்றது
எலும்புறான்,எழுகிறான்
எழும்புவான்,எழுவான்
எலும்புறாள்,எழுகிறாள்
எழும்புவாள்,எழுவாள்
எலும்புறாங்க,எழுகிறார்கள்
எலும்பினாங்க,எழுந்தார்கள்
எலும்புறீங்க,எழுகின்றீர்கள்
ஓட்ற,ஓடுதல்
ஓடிச்சி,ஓடியது
ஓட்றாங்க,ஓடுகிறார்கள்
ஓடுவீங்க,ஓடுவீர்கள்
ஓட்றேன்,ஓடுகிறேன்
ஓடுவாங்க,ஓடுவார்கள்
ஓடுறீங்க,ஓடுகிறீர்கள்
ஓடினீங்க,ஓடினீர்கள்
ஓடினாங்க,ஓடினார்கள்
ஓடுது,ஓடுகின்றது
ஓடுறான்,ஓடுகிறான்
ஓடுறாள்,ஓடுகிறாள்
படிச்ச,படித்த
படிச்சிச்சி,படித்தது
படிச்சும்,படிக்கும்
படிச்சான்,படிதான்
படிச்சால்,படித்தாள்
படிச்சாங்க,படித்தார்கள்
படிப்பாங்க,படிப்பார்கள்
படிப்பீங்க,படிப்பீர்கள்
படிச்சுவோம்,படிப்போம்
படிக்கிறாங்க,படிக்கிறார்கள்
படிக்கிறீங்க,படிக்கிறீர்
படிச்சுறேன்,படிக்கிறேன்
படிச்சுவேன்,படிப்பேன்
படிச்சுது,படிக்கின்றது
படிச்சுறான்,படிக்கின்றான்
படிச்சுறாள்,படிக்கின்றாள்
படிச்சுவாங்க,படிப்பார்கள்
படிசீங்க,படித்தீர்கள்
படிச்சேன்,படித்தேன்
பாட்ற,பாடுதல்
பாட்ராங்க,பாடுகிறார்கள்
பாடுறீங்க,பாடுகிறீர்கள்
பாடுவாங்க,பாடுவார்கள்
பாடினீங்க,பாடினீர்கள்
பாடிச்சி,பாடியது
பாடுது,பாடுகிறது
பாடினாங்க,பாடினார்கள்
பாடுவீங்க,பாடுவீர்கள்
ஆட்ற,ஆடுதல்
ஆடுது,ஆடுகின்றது
ஆட்றான்,ஆடுகிறான்
ஆட்றால்,ஆடுகிறாள்
ஆட்றாங்க,ஆடுகிறார்கள்
ஆடுவீங்க,ஆடுவீர்கள்
ஆடினாங்க,ஆடினார்கள்
ஆடிச்சி,ஆடியது
ஆடினீங்க,ஆடினீர்கள்
ஆட்ரேன்,ஆடுகிறேன்
ஆடுவாங்க,ஆடுவார்கள்
ஆட்ரீங்க,ஆடுகிறீர்கள்
அடிச்ச,அடித்தல்
அடிச்சுற,அடிக்கிற
அடிச்சுறான்,அடிக்கிறான்
அடிச்சுறாள்,அடிக்கிறாள்
அடிச்சுது,அடிக்கிறது
அடிச்சுறாங்க,அடிக்கிறார்கள்
அடிசுவீங்க,அடிப்பீர்கள்
அடிச்சாங்க,அடித்தார்கள்
அடிச்சிச்சி,அடித்தது
அடிச்சும்,அடிக்கும்
அடிச்சுறேன்,அடிக்கிறேன்
அடிச்சுவேன்,அடிப்பேன்
அடிச்சான்,அடித்தான்
அடிச்சுவான்,அடிப்பான்
அடிச்சால்,அடித்தாள்
அடிச்சுவாள்,அடிப்பாள்
அடிச்சுவாங்க,அடிப்பார்கள்
அடிசுறீங்க,அடிக்கிறீர்கள்
அடிசீங்க,அடித்தீர்கள்
சென்ன,சொன்ன
சென்னான்,சொன்னான்
சென்னாள்,சொன்னாள்
சென்னாங்க,சொன்னார்கள்
செல்லுவாங்க,சொல்லுவார்கள்
செல்லுவீங்க,சொல்லுவீர்கள்
செல்லிச்சி,சொன்னது
சென்னேன்,சொன்னேன்
செல்லுவேன்,சொல்லுவேன்
செல்லும்,சொல்லும்
செல்றான்,சொல்கிறான்
செல்லுவான்,சொல்லுவான்
செல்றாள்,சொல்லுகிறாள்
செல்லுவாள்,சொல்லுவாள்
செல்றாங்க,சொல்லுகிறார்கள்
சொல்றீங்க,சொல்லுகிறீர்கள்
சென்னீங்க,சொன்னீர்கள்
சொல்லுது,சொல்லுகிறது
செல்றேன்,சொல்லுகிறேன்
அனுப்புற,அனுப்புகின்ற
அனுப்பிச்சி,அனுப்பியது
அனுப்புவாங்க,அனுப்புவார்கள்
அனுப்புவீங்க,அனுப்புவீர்கள்
அனுப்பியாச்சு,அனுப்பிவிட்டேன்
அனுப்பினாங்க,அனுப்பினார்கள்
அனுப்புது,அனுப்புகிறது
அனுப்புறாங்க,அனுப்புகிறார்கள்
அனுப்புறீங்க,அனுப்புகிறீர்கள்
அனுப்பினீங்க,அனுப்பினீர்கள்
செய்ற,செய்கின்ற
செஞ்சான்,செய்தான்
செஞ்சாள்,செய்தாள்
செய்வாங்க,செய்வார்கள்
செய்வீங்க,செய்வீர்கள்
செஞ்சாங்க,செய்தார்கள்
செய்றேன்,செய்கிறேன்
செஞ்சேன்,செய்தேன்
செய்றாங்க,செய்கிறார்கள்
செஞ்சிச்சி,செய்தது
செய்து,செய்கின்றது
செய்றான்,செய்கிறான்
செய்றான்,செய்கிறாள்
செய்றீங்க,செய்கிறீர்கள்
செஞ்சீங்க,செய்தீர்கள்
வச்ச,வைத்த
வெச்ச,வைத்த
வெச்சாள்,வைத்தாள்
வெச்சான்,வைத்தான்
வெச்சேன்,வைத்தேன்
வெச்சுவேன்,வைப்பேன்
வெச்சும்,வைக்கும்
வெச்சிச்சி,வைத்தது
வெச்சாங்க,வைத்தார்கள்
வெச்சுவாங்க,வைப்பார்கள்
வெச்சுறாங்க,வைக்கிறார்கள்
வெச்சுவீங்க,வைப்பீர்க
வெச்சுது,வைக்கின்றது
வெச்சுறான்,வைக்கின்றான்
வெச்சுறாள்,வைக்கின்றாள்
வெச்சுவான்,வைப்பான்
வெச்சுவாள்,வைப்பாள்
வெச்சுறேன்,வைக்கின்றேன்
வெச்சுறீங்க,வைக்கின்றீர்கள்
வெச்சுவீங்க,வைப்பீர்கள்
பாரு,பார்
பாப்பேன்,பார்ப்பேன்
பாத்தேன்,பார்த்தேன்
பாத்திச்சி,பார்த்தது
பாக்கும்,பார்க்கும்
பாப்பாங்க,பார்ப்பார்கள்
பாப்பீங்க,பார்ப்பீர்கள்
பாப்போம்,பார்ப்போம்
பாத்தோம்,பார்த்தோம்
பாக்குறாங்க,பார்க்கின்றார்கள்
பாக்குறேன்,பார்க்கின்றேன்
பாக்குது,பார்க்கின்றது
பாத்தாங்க,பார்த்தார்கள்
பாக்குறீங்க,பார்க்கின்றீர்கள்
பாத்தீங்க,பார்த்தீர்கள்
பாக்குறோம்,பாற்கின்றோம்
பாயிர,பாய்தல்
பாஞ்சான்,பாய்ந்தான்
பாஞ்சால்,பாய்ந்தாள்
பாஞ்சாங்க,பாய்ந்தனர்
பாயுவாங்க,பாய்வார்கள்
பாய்வீங்க,பாய்வீர்கள்
பாஞ்சேன்,பாய்ந்தேன்
பாயிவேன்,பாய்வேன்
பாஞ்சிச்சி,பாய்ந்தது
பாயிறீங்க,பாய்கின்றீர்
பாயிரங்க,பாய்கிறார்கள்
பாஞ்சீங்க,பாய்ந்தீர்கள்
பாயுரான்,பாய்கின்றான்
பாயிரால்,பாய்கின்றாள்
பாய்ரென்,பாய்கின்றேன்
மலச்சி,மலைத்து
மலச்சான்,மலைதான்
மலச்சால்,மலைத்தாள்
மலச்சேன்,மலைத்தேன்
மலச்சாங்க,மலைத்தனர்
மலப்பீங்க,மலைப்பீர்கள்
மலச்சுவேன்,மலைப்பேன்
மலசுறீங்க,மலைகிறீர்கள்
மலைப்பாங்க,மலைப்பார்கள்
மலச்சிச்சி,மலைத்தது
மலச்சுது,மலைக்கின்றது
மலச்சும்,மலைக்கும்
மலச்சுறான்,மலைக்கின்றான்
மலச்சுறாள்,மலைக்கின்றாள்
மலச்சுவான்,மலைப்பான்
மலச்சுவாள்,மலைப்பாள்
பெய்த்து,சென்று
பெய்த்தேன்,சென்றேன்
பெய்த்தால்,சென்றாள்
பெய்த்தேன்,சென்றேன்
பெய்த்தாங்க,சென்றார்கள்
போவாங்க,செல்வார்கள்
போவீங்க,செல்வீர்கள்
பெய்திச்சி,சென்றது
போகும்,செல்லும்
போறாங்க,செல்கின்றனர்
போறேன்,செல்கின்றேன்
போறீங்க,செல்கின்றீர்கள்
போனீங்க,சென்றீர்கள்
போஹுது,செல்கின்றது
போனேன்,சென்றேன்
போவோம்,செல்வோம்
போனோம்,சென்றோம்
எழும்புங்க,எழுந்திரு
எலும்பினாங்க,எழுந்தனர்
எழும்புவாங்க,எழுவார்கள்
எலும்புவீங்க,எழுவீர்கள்
எலும்புறேன்,எழுகிறேன்
எழும்புற,எழுகின்ற
எலும்பிச்சி,எழுந்தது
எலும்பும்,எழும்
எழும்புது,எழுகின்றது
எலும்புறாங்க,எழுகின்றனர்
எலும்புறீங்க,எழுகிறீர்கள்
எலும்பினீங்க,எழுந்தீர்கள்
எழுப்புவேன்,எழுவேன்
எழும்பினேன்,எழுந்தேன்
எலும்புறான்,எழுகின்றான்
எலும்புறாள்,எழுகிறாள்
பேசுங்க,பேசுங்கள்
பேசினாங்க,பேசினார்கள்
பேசிச்சி,பேசியது
பேசுவீங்க,பேசுவீர்கள்
பேசுறாங்க,பேசுகிறார்கள்
பேசுவாங்க,பேசுவார்கள்
பேசுது,பேசுகின்றது
பேசினீங்க,பேசினீர்கள்
பேசுவீங்க,பேசுவீர்கள்
அலூர,அழுதல்
அலூது,அழுகின்றது
அழுவீங்க,அழுவீர்கள்
அழுவாங்க,அழுவார்கள்
அழூறாங்க,அழுகின்றனர்
அலூரான்,அழுகிறான்
அலூராள்,அழுகிறாள்
அழுதிச்சி,அழுதது
அழுதீங்க,அழுதீர்கள்
அழுதாங்க,அழுதார்கள்
அழுவீங்க,அழுவீர்கள்
அழூறேன்,அழுகிறேன்
நடிக்கிற,நடிக்கின்ற
நடிச்சுற,நடிக்கின்ற
நடிச்சுறான்,நடிக்கிறான்
நடிச்சுறாள்,நடிக்கிறாள்
நடிச்சேன்,நடித்தேன்
நடிச்சுறேன்,நடிக்கிறேன்
நடிச்சுவேன்,நடிப்பேன்
நடிச்சுறாங்க,நடிக்கிறார்கள்
நடிச்சாங்க,நடித்தார்கள்
நடிச்சுவாங்க,நடிப்பார்கள்
நடிசீங்க,நடித்தீர்கள்
நாடிசுறீங்க,நடிக்கிறீர்கள்
நடிச்சுவீங்க,நடிப்பீர்கள்
நடிச்சிச்சி,நடித்தது
நடிச்சும்,நடிக்கும்
நடிச்சுறான்,நடிக்கிறான்
நடிச்சுறாள்,நடிக்கிறாள்
நடிச்சுவான்,நடிப்பான்
நடிச்சுவாள்,நடிப்பாள்
நடிச்சுது,நடிக்கின்றது
முடிஞ்சி,முடிந்தது
கடிச்ச,கடித்த
கடிச்சான்,கடித்தான்
கடிச்சால்,கடித்தாள்
கடிச்சிச்சி,கடித்தது
கடிச்சும்,கடிக்கும்
கடிச்சுது,கண்டிக்கின்றது
கடிச்சாங்க,கடித்தார்கள்
கடிச்சுறாங்க,கடிக்கிறார்கள்
கடிச்சுவாங்க,கடிப்பார்கள்
கடிக்கிறீங்க,கடிக்கிறீர்கள்
கடிப்பீங்க,கடிப்பீர்கள்
கடிசீங்க,கடித்தீர்கள்
கடிச்சேன்,கடித்தேன்
கடிச்சுவேன்,கடிப்பேன்
கடிச்சுறேன்,கடிக்கிறேன்
கடிச்சுறான்,கடிக்கின்றான்
கடிச்சுறாள்,கடிக்கின்றாள்
கடிச்சுவான்,கடிப்பான்
கடிச்சுவாள்,கடிப்பாள்
கடிச்சுது,கடிக்கின்றது
கேட்டிச்சி,கேட்டது
கேப்பாங்க,கேப்பார்கள்
கேக்குறீங்க,கேட்கின்றீர்கள்
கேப்பீங்க,கேட்பீர்கள்
கேக்குறாங்க,கேட்கின்றார்கள்
கேட்டீங்க,கேட்டீர்கள்
கேப்பேன்,கேட்பேன்
கேக்கும்,கேட்கும்
கேக்குறான்,கேட்கின்றான்
கேக்குறான்,கேட்கிறாள்
கேப்பான்,கேட்பான்
கேப்பாள்,கேட்பாள்
கேட்டாங்க,கேட்டார்கள்
கேக்குறேன்,கேட்கின்றேன்
கேக்குது,கேட்கின்றது
விளையாட்ற,விளையாடல்
வெலாட்ற,விளையாடுதல்
வெளாடினேன்,விளையாடினேன்
வெளாடுவேன்,விளையாடுவேன்
வெளாடறேன்,விளையாடுகிறேன்
வேலாடினாங்க,விளையாடினார்கள்
வெளாடறாங்க,விளையாடுறார்கள்
வேலாடுவாங்க,விளையாடுவார்கள்
வெளாடினீங்க,விளையாடினீர்கள்
வெளாடறீங்க,விளையாடுறீர்கள்
வெளாடுவீங்க,விளையாடுவீர்கள்
வெளாடிச்சி,விளையாடியது
வெளாடும்,விளையாடும்
வெலாடுது,விளையாடுகிறது
வெலாடினான்,விளையாடினான்
வெலாற்றான்,விளையாடுகிறான்
வெலாடுவான்,விளையாடுவான்
வெலாடினால்,விளையாடினாள்
வெலாற்றால்,விளையாடுகிறாள்
வெளாடுவாள்,விளையாடுவாள்
படிச்சுற,படித்தல்
இழுக்குற,இழுத்தல்
இழுக்குறான்,இழுக்கிறான்
இழுக்குறாள்,இழுக்கிறாள்
இழுக்குது,இழுக்கிறது
இழுத்திச்சி,இழுத்தது
இழுக்குறாங்க,இழுக்கிறார்கள்
இழுத்தாங்க,இழுத்தார்கள்
இழுப்பாங்க,இழுப்பார்கள்
இழுப்பீங்க,இழப்பீர்கள்
இழுக்குறீங்க,இழுக்கின்றீர்கள்
இழுப்பீங்க,இழப்பீர்கள்
இழுக்குறேன்,இழுக்கின்றேன்
இழுக்குறான்,இழுக்கிறான்
இழுக்குறாள்,இழுக்கின்றாள்
குடிச்ச,குடித்தல்
குடிச்சான்,குடித்தான்
குடிச்சுவான்,குடிப்பான்
குடிச்சுறான்,குடிக்கிறான்
குடிச்சாள்,குடித்தாள்
குடிச்சுறாள்,குடிக்கின்றாள்
குடிச்சுவாள்,குடிப்பாள்
குடிச்சிச்சி,குடித்தது
குடிச்சும்,குடிக்கும்
குடிச்சுது,குடிக்கின்றது
குடிச்சுறாங்க,குடிக்கிறார்கள்
குடிச்சுவாங்க,குடிப்பார்கள்
குடிச்சாங்க,குடித்தார்கள்
குடிப்பீங்க,குடிப்பீர்கள்
குடிக்கிறீங்க,குடிக்கின்றீர்கள்
குடிசீங்க,குடித்தீர்கள்
குடிச்சேன்,குடித்தேன்
குடிச்சுறேன்,குடிக்கிறேன்
குடிச்சுவேன்,குடிப்பேன்
கேக்குற,கேட்டல்
கேக்குறேன்,கேட்கின்றேன்
கேப்பேன்,கேட்பேன்
கேட்டிச்சி,கேட்டது
கேக்கும்,கேட்கும்
கேக்குது,கேட்கின்றது
கேட்பாங்க,கேட்பார்கள்
கேக்குறாங்க,கேட்கிறார்கள்
கேட்டாங்க,கேட்டார்கள்
கேட்டீங்க,கேட்டீர்கள்
கேக்குறீங்க,கேட்கின்றீர்கள்
கேப்பீங்க,கேட்பீர்கள்
கேக்குறான்,கேட்கின்றான்
கேப்பான்,கேட்பான்
கேக்குறாள்,கேட்கின்றாள்
கேப்பாள்,கேட்பாள்
பாய்ங்க,பாய்தல்
பாஞ்சேன்,பாய்ந்தேன்
பாயுவேன்,பாய்வேன்
பாயிறேன்,பாய்கின்றேன்
பாஞ்சாங்க,பாய்ந்தார்கள்
பாயிறாங்க,பாய்கின்றனர்
பாயுவாங்க,பாய்வார்கள்
பாஞ்சீங்க,பாய்தீர்கள்
பாயிறீங்க,பாய்கின்றீர்கள்
பாயுவீங்க,பாய்வீர்கள்
பாஞ்சிச்சி,பாய்ந்தது
பாயுது,பாய்கின்றது
பாஞ்சான்,பாய்ந்தான்
பாயுரான்,பாய்கின்றான்
பாயுவான்,பாய்வான்
பாஞ்சால்,பாய்ந்தாள்
பாயுறாள்,பாய்கின்றாள்
பாயுவால்,பாய்வாள்
தூங்குற,தூங்குதல்
தூங்குறான்,தூங்குகிறான்
தூங்குறால்,தூங்குகிறாள்
தூங்கிச்சி,தூங்கியது
தூங்குது,தூங்குகின்றது
தூக்கினாங்க,தூங்கினார்கள்
தூங்குறாங்க,தூங்குகின்றார்கள்
தூங்குவாங்க,தூங்குவார்கள்
தூங்கினீங்க,தூங்கினீர்கள்
தூங்குறீங்க,தூங்குகின்றீர்
தூங்குவீங்க,தூங்குவீர்கள்
திரும்புங்க,திரும்பு
திரும்பிச்சி,திரும்பியது
திரும்புது,திரும்புகிறது
திரும்பினாங்க,திரும்பினார்கள்
திரும்புறாங்க,திரும்புகிறார்கள்
திரும்புவாங்க,திரும்புவார்கள்
திரும்பினீங்க,திரும்பினீர்கள்
திரும்புறீங்க,திரும்புகிறீர்கள்
திரும்புவீங்க,திரும்புவீர்கள்
உக்காருங்க,உட்கார்
நடங்க,நட
நடக்குறேன்,நடக்கின்றேன்
நடப்பாங்க,நடப்பார்கள்
நடக்குறாங்க,நடக்கிறார்கள்
நடந்தாங்க,நடந்தார்கள்
நடந்தீங்க,நடந்தீர்கள்
நடக்குறீங்க,நடக்கின்றீர்கள்
நடப்பீங்க,நடப்பீர்கள்
நடந்திச்சி,நடந்தது
நடக்குது,நடக்கின்றது
நடக்குறான்,நடக்கின்றான்
நடக்குறாள்,நடக்கின்றாள்
தொரங்க,திற
தொறந்திச்சி,திறந்தது
தொறக்கும்,திறக்கும்
தொறக்குது,திறக்கின்றது
தொறந்தாங்க,திறந்தார்கள்
தொறக்குறாங்க,திறக்கிறார்கள்
தொரப்பாங்க,திறப்பார்கள்
தொறப்பேன்,திறப்பேன்
தொறக்குறேன்,திறக்கின்றேன்
தொறந்தேன்,திறந்தேன்
தொறந்தீங்க,திறந்தீர்கள்
தொறக்குறீங்க,திறக்கின்றீர்கள்
தொறப்பீங்க,திறப்பீர்கள்
தொறந்தான்,திறந்தான்
தொறந்தால்,திறந்தாள்
தொறக்குறான்,திறக்கிறான்
தொறக்குறாள்,திறக்கின்றாள்
தொரப்பான்,திறப்பான்
தொரப்பால்,திறப்பாள்
உடுங்க,விடு
உட்டிச்சி,விட்டது
உடுது,விடுகின்றது
உடும்,விடும்
உட்டாங்க,விட்டார்கள்
உட்றாங்க,விடுகிறார்கள்
உடுவாங்க,விடுவார்கள்
உட்டீங்க,விட்டீர்கள்
உட்ரீங்க,விடுகிறீர்கள்
உட்டேன்,விட்டேன்
உட்றேன்,விடுகிறேன்
உடுவேன்,விடுவேன்
உட்டான்,விட்டான்
உட்டால்,விட்டாள்
உட்றான்,விடுகிறான்
உட்ராள்,விடுகிறாள்
உடுவான்,விடுவான்
உடுவாள்,விடுவாள்
பறக்குற,பறக்கின்ற
பறக்குது,பறக்கின்றது
பரந்திச்சி,பறந்தது
பறந்தாங்க,பறந்தார்கள்
பார்க்குறாங்க,பறக்கின்றனர்
பரப்பாங்க,பறப்பார்கள்
பிறந்தீங்க,பறந்தீர்கள்
பறக்குறீங்க,பறக்கின்றீர்
பறப்பீங்க,பறப்பீர்கள்
பறக்குறேன்,பறக்கின்றேன்
பறக்குறான்,பறக்கிறான்
பறக்குறாள்,பறக்கின்றாள்
கூப்புடு,கூப்பிடு
கூபுடிச்சி,கூப்பிட்டது
கூப்புடும்,கூப்பிடும்
கூப்புடுது,கூப்பிடுகிறது
கூப்புட்டான்,கூப்பிட்டான்
கூப்புட்றான்,கூப்பிடுகிறான்
கூப்புடுவான்,கூப்பிடுவான்
கூப்புட்டால்,கூப்பிட்டாள்
கூப்புடுறாள்,கூப்பிடுகிறாள்
கூப்புடுவாள்,கூப்பிடுவாள்
கூப்புட்டாங்க,கூப்பிட்டார்கள்
கூப்புட்றாங்க,கூப்பிடுகிறார்கள்
கூப்புடுவாங்க,கூப்பிடுவார்கள்
கூப்புட்டீங்க,கூப்பிட்டீர்கள்
கூப்புடுறீங்க,கூப்பிடுகிறீர்கள்
கூப்புடுவீங்க,கூப்பிடுவீர்கள்
கூப்புட்டேன்,கூப்பிட்டேன்
கூப்புடுறேன்,கூப்பிடுகிறேன்
கூப்புடுவேன்,கூப்பிடுவேன்
காட்டுங்க,காட்டுங்கள்
காட்றேன்,காட்டுகிறேன்
காட்டினாங்க,கட்டினார்கள்
காட்றாங்க,காட்டுகிறார்கள்
காட்டுவாங்க,காட்டுவார்கள்
காட்டினீங்க,காட்டினீர்கள்
காட்டறீங்க,காட்டுகிறீர்கள்
காட்டுவீங்க,காட்டுவீர்கள்
காட்டிச்சி,காட்டியது
காட்டுது,காட்டுகிறது
காட்றான்,காட்டுகிறான்
காட்றாள்,காட்டுகிறாள்
ஓடைங்க,உடை
ஒடச்சென்,உடைத்தேன்
ஒடச்சுறேன்,உடைக்கின்றேன்
ஒடச்சுவேன்,உடைப்பேன்
ஒடச்சாங்க,உடைத்தார்கள்
ஒடச்சுறாங்க,உடைக்கிறார்கள்
ஒடச்சுவாங்க,உடைப்பார்கள்
ஒடச்சீங்க,உடைத்தீர்கள்
ஒடச்சுறீங்க,உடைக்கிறீர்கள்
ஒடச்சுவீங்க,உடைப்பீர்கள்
ஒடச்சிச்சி,உடைத்தது
ஒடச்சுது,உடைக்கிறது
ஒடச்சும்,உடைக்கும்
ஒடச்சான்,உடைத்தான்
ஒடச்சால்,உடைத்தாள்
ஒடச்சுறான்,உடைக்கின்றான்
ஒடச்சுறாள்,உடைக்கின்றாள்
உடச்சுவான்,உடைப்பான்
ஒடச்சுவாள்,உடைப்பாள்
காப்பாத்துற,காப்பாற்றல்
காப்பாத்தினேன்,காப்பாற்றினேன்
காப்பாத்துறேன்,காப்பாற்றுகிறேன்
காப்பாத்துவேன்,காப்பாற்றுவேன்
காப்பாத்திச்சி,காப்பாற்றியது
காப்பாத்துது,காப்பாற்றுகின்றது
காப்பாத்தும்,காப்பாற்றும்
காப்பாத்தினாங்க,காப்பாற்றினார்கள்
காப்பாத்துறாங்க,காப்பாற்றுகிறார்கள்
காப்பாத்துங்க,காப்பாற்றுங்கள்
காப்பாத்துவாங்க,காப்பாற்றுவார்கள்
காப்பாத்தினீங்க,காப்பாற்றுவீர்கள்
காப்பாத்துறீங்க,காப்பாற்றுகிறீர்கள்
காப்பாத்துவீங்க,காப்பாற்றுவீர்கள்
காப்பாத்தினான்,காப்பாற்றினான்
காப்பதினால்,காப்பாற்றினாள்
காப்பாத்துறான்,காப்பாற்றுகிறான்
காப்பாத்துறாள்,காப்பாற்றுகிறாள்
காப்பாத்துவான்,காப்பாற்றுவான்
காப்பாத்துவாள்,காப்பாற்றுவாள்
புழுங்கு,விழுங்கு
புழுங்கினேன்,விழுங்கினேன்
புழுங்குறேன்,விழுங்குகின்றேன்
புழுங்குவேன்,விழுங்குவேன்
புழுங்கிச்சி,விழுங்கியது
புழுங்குது,விழுங்குகிறது
புழங்கும்,விழுங்கும்
புழுங்கினாங்க,விழுங்கினார்கள்
புழுங்குறாங்க,விழுங்குகிறார்கள்
புழுங்குவாங்க,விழுங்குவார்கள்
புழுங்கினீங்க,விழுங்கினீர்கள்
புழுங்குறீங்க,விழுங்குகிறீர்கள்
புழுங்குவீங்க,விழுங்குவீர்கள்
புழுங்கினான்,விழுங்கினான்
புழுங்குறான்,விழுங்குகிறான்
புழுங்குவான்,விழுங்குவான்
புழுங்கினாள்,விழுங்கினாள்
புழுங்குறாள்,விழுங்குகிறாள்
புழுங்குவாள்,விழுங்குவாள்
நேரேய்ங்க,நிரப்பு
நேரச்சென்,நிரப்பினேன்
நெரப்புறேன்,நிரப்புகிறேன்
நெரப்புவேன்,நிரப்புவேன்
நெரசிச்சி,நிரைத்தது
நெரப்புது,நிரப்புகிறது
நெரப்பும்,நிரப்பும்
நெரச்சான்,நிரப்பினான்
நெரச்சுறான்,நிரப்புகிறான்
நெரப்புவான்,நிரப்புவான்
நெரச்சாள்,நிரப்பினாள்
நெரச்சுராள்,நிரப்புகிறாள்
நெரப்புவாள்,நிரப்புவாள்
நெரசாங்க,நிரப்பினார்கள்
நெரசுராங்க,நிரப்புகிறார்கள்
நெரப்புவாங்க,நிரப்புவார்கள்
நெரசீங்க,நிரப்பினீர்கள்
நெரசுறீங்க,நிரப்புகிறீர்கள்
நெரசுவீங்க,நிரப்புவீர்கள்
களூங்க,கழுவு
கலீனேன்,கழுவினேன்
கலூறேன்,கழுவுகிறேன்
கலூவேன்,கழுவுவேன்
கழுவிச்சி,கழுவியது
கழூது,கழுவுகின்றது
கழுகும்,கழுவும்
கலூரான்,கழுவுகின்றான்
கலூவான்,கழுவுவான்
கலூராள்,கழுவுகின்றாள்
கலூவால்,கழுவுவாள்
கழுவினாங்க,கழுவினார்கள்
கலூராங்க,கழுவுகின்றனர்
கலூவாங்க,கழுவுவார்கள்
களூரீங்க,கழுவுகின்றீர்கள்
காலூவீங்க,கழுகவீர்கள்
கலூனீங்க,கழுவினீர்கள்
நில்லுங்க,நில்
சென்னாச்சி,சொல்லிவிட்டார்
கூப்புட்ற,அழைத்தல்
பாத்த,பார்த்த
பாத்தேன்,பார்த்தேன்
பாக்குறேன்,பார்க்கின்றேன்
பாப்பேன்,பார்ப்பேன்
பாதிச்சி,பார்த்தது
பாக்குது,பார்க்கின்றது
பாக்கும்,பார்க்கும்
பாத்தான்,பார்த்தான்
பாக்குறான்,பார்க்கின்றான்
பாப்பான்,பார்ப்பான்
பாத்தாள்,பார்த்தாள்
பாக்குரால்,பார்க்கின்றாள்
பாப்பாள்,பார்ப்பாள்
பாத்தாங்க,பார்த்தார்கள்
பாக்குறாங்க,பார்க்கின்றனர்
பாப்பாங்க,பார்ப்பார்கள்
பாத்தீங்க,பார்த்தீர்கள்
பாக்குறீங்க,பார்கின்றீர்
பாப்பீங்க,பார்ப்பீர்கள்
கத்துற,கத்துதல்
கத்திச்சி,கத்தியது
கத்துது,கத்துகின்றது
கத்தினாங்க,கத்தினார்கள்
கத்துறாங்க,கத்துகின்றார்கள்
கத்துவாங்க,கத்துவார்கள்
கத்தினீங்க,கத்தினீர்கள்
கத்துறீங்க,கத்துகின்றீர்கள்
கத்துவீங்க,கத்துவீர்கள்
கத்துறான்,கத்துகின்றான்
கத்துறாள்,கத்துகின்றாள்
சுத்துற,சுற்றுதல்
சுத்தினேன்,சுற்றினேன்
சுத்துறேன்,சுற்றுகின்றேன்
சுத்துவேன்,சுற்றுவேன்
சுத்தினான்,சுற்றினான்
சுத்துறான்,சுற்றுகின்றான்
சுத்துவான்,சுற்றுவான்
சுத்தினால்,சுற்றினாள்
சுத்துறாள்,சுற்றுகின்றாள்
சுத்துவாள்,சுற்றுவாள்
சுத்திச்சி,சுற்றியது
சுத்துது,சுற்றுகிறது
சுத்தும்,சுற்றும்
சுத்தினாங்க,சுற்றினார்கள்
சுத்துறாங்க,சுற்றுகிறார்கள்
சுத்துவாங்க,சுற்றுவார்கள்
சுத்துவீங்க,சுற்றுவீர்கள்
சுத்துறீங்க,சுற்றுகிறீர்கள்
சுத்துவீங்க,சுற்றுவீர்கள்
கூப்புட்ற,கூப்பிடுதல்
கூப்புட்டேன்,கூப்பிட்டேன்
கூப்புடுறேன்,கூப்பிடுகிறேன்
கூப்புடுவேன்,கூப்பிடுவேன்
கூப்புட்டிச்சி,கூப்பிட்டது
கூப்புடுது,கூப்பிடுகிறது
கூப்புடும்,கூப்பிடும்
கூப்புட்டான்,கூப்பிட்டான்
கூப்புட்றான்,கூப்பிடுகின்றான்
கூப்புடுவான்,கூப்பிடுவான்
கூப்புட்டால்,கூப்பிட்டாள்
கூப்புடுறாள்,கூப்பிடுகிறாள்
கூப்புடுவாள்,கூப்பிடுவாள்
கூப்புட்டாங்க,கூப்பிட்டார்கள்
கூப்புட்றாங்க,கூப்பிடுகிறார்கள்
கூப்புடுவாங்க,கூப்பிடுவார்கள்
கூப்புட்டீங்க,கூப்பிட்டீர்கள்
கூப்புடுவீங்க,கூப்பிடுவீர்கள்
கூப்புடுவீங்க,கூப்பிடுவீர்கள்
மாத்துற,மாற்றுதல்
மாத்திச்சி,மாற்றியது
மாத்துது,மாற்றுகின்றது
மாத்தும்,மாற்றும்
மாத்தினான்,மாற்றினான்
மாத்துறான்,மாற்றுகின்றான்
மாத்துவான்,மாற்றுவான்
மாத்துவாள்,மாற்றுவாள்
மாத்துறாள்,மாற்றுகிறாள்
மாத்தினால்,மாற்றினாள்
மாத்தினாங்க,மாற்றினார்கள்
மாத்துறாங்க,மாற்றுகிறார்கள்
மாத்துவாங்க,மாற்றுவார்கள்
மாத்தினீங்க,மாற்றினீர்கள்
மாத்துறீங்க,மாற்றுகிறீர்கள்
மாத்துவீங்க,மாற்றுவீர்கள்
மாத்தினேன்,மாற்றினேன்
மாத்துவேன்,மாற்றுவேன்
மாத்துறேன்,மாற்றுகின்றேன்
வந்துக்கி,வந்துஇருக்கிறது
ஈகீ,இருக்கிறது
கேக்கல்ல,கேட்கவில்லை
வேலல்ல,வேலையில்லை
வெளங்கல்ல,விளங்கவில்லை
ஆக்கின,சமைத்த
ஆக்கினான்,சமைத்தான்
ஆக்குறான்,சமைக்கின்றான்
ஆக்குவான்,சமைப்பான்
ஆக்கினாள்,சமைத்தாள்
ஆக்குறாள்,சமைக்கின்றாள்
ஆக்குவாள்,சமைப்பாள்
ஆக்குது,சமைக்கின்றது
ஆகிச்சி,சமைத்தது
ஆக்கும்,சமைக்கும்
ஆக்கினாங்க,சமைத்தார்கள்
ஆக்குறாங்க,சமைக்கின்றார்கள்
ஆக்குவாங்க,சமைப்பார்கள்
ஆக்குறீங்க,சமைக்கின்றீர்கள்
ஆக்கினீங்க,சமைத்தீர்கள்
ஆக்குவீங்க,சமைப்பீர்கள்
ஆக்குவோம்,சமைப்போம்
ஆக்கினோம்,சமைத்தோம்
ஆக்குறோம்,சமைக்கின்றோம்
மாத்து,மாற்று
மாத்திச்சி,மாற்றியது
மாத்துது,மாற்றுகிறது
மாத்தும்,மாற்றும்
மாத்தினான்,மாற்றினான்
மாத்துறான்,மாற்றுகின்றான்
மாத்துவான்,மாற்றுவான்
மாத்தினால்,மாற்றினாள்
மாத்துறாள்,மாற்றுகின்றாள்
மாத்துவாள்,மாற்றுவாள்
மாத்தினாங்க,மாற்றினார்கள்
மாத்துறாங்க,மாற்றுகின்றனர்
மாத்துவாங்க,மாற்றுவார்கள்
மாத்தினீங்க,மாற்றினீர்கள்
மாத்துறீங்க,மாற்றுகின்றீர்கள்
மாத்துவீங்க,மாற்றுவீர்கள்
மாத்தினோம்,மாற்றினோம்
மாத்துறோம்,மாற்றுகின்றோம்
மாத்துவோம்,மாற்றுவோம்
உடு,விடு
உட்டிச்சி,விட்டது
உடுது,விடுகின்றது
உடும்,விடும்
உட்டான்,விட்டான்
உடுறான்,விடுகின்றான்
உடுவான்,விடுவான்
உட்டால்,விட்டாள்
உடுறாள்,விடுகின்றாள்
உடுவாள்,விடுவாள்
உடுவாங்க,விடுவார்கள்
உட்றாங்க,விடுகின்றார்கள்
உட்டாங்க,விட்டார்கள்
உடுவீங்க,விடுவீர்கள்
உட்ரீங்க,விடுகின்றீர்கள்
உட்டீங்க,விட்டீர்கள்
உட்டோம்,விட்டோம்
உடுவோம்,விடுவோம்
உட்றோம்,விடுகின்றோம்
நீங்க,தாங்கள்
ஊடு,வீடு
ஊட்டுக்கு,வீட்டுக்கு
ஊட்டை,வீட்டை
எத,எதை
வானம்,வேண்டாம்
வேணும்,வேண்டும்
முழுக்கா,முழுமையாக
தண்ணி,தண்ணீர்
தண்ணியை,தண்ணீரை
பெரிசி,பெரியது
பெருசா,பெரியதாக
சிரிசி,சிரியது
சிரிசா,சிரியதாக
சாமன்,பொருள்
சாமனை,பொருளை
அல்மாரி,அடுக்குப்பலகை
குசினி,சமையலறை
பசுந்து,அழகு
பசுந்தா,அழகாக
மூஞ்சி,முகம்
போன்,கையடக்க தொலைபேசி
போனை,கையடக்க தொலைபேசியை
பேஸ்,பணப்பை
பேஸை,பணப்பையை
பேஸில்,பணப்பையில்
பாரு,பார்
வேல,வேலை
நேறையா,நேராக
நெறய,நிறைய
உண்ம,உண்மை
உண்மய,உண்மையை
ஜொலி,வினோதம்
ஜொலியா,வினோதமாக
பின்னுக்கு,பின்னால்
முன்னுக்கு,முன்னால்
மொதல்ல,முதலில்
கூட்டாளி,நண்பன்
கூட்டாளியை,நண்பனை
கூட்டாளியோட,நன்பனோடு
ஒங்கள,உங்களை
ஒங்கட,உங்களது
மனுசன்,மனிதன்
அங்க,அவ்விடம்
சல்லி,பணம்
சல்லியை,பணத்தை
வெள்ளன,காலை
வெல்லனைல,காலையில்
ராவு,இரவு
கடசி,கடைசி
கடசியில்,கடைசியில்
அங்காள,அப்புறம்
இங்காள,இப்புறம்
ஒரே மாறி,அதே போல்
நீட்டம்,நீளம்
நீட்டமாக,நீளமாக
பண்டி,பன்றி
புள்ள,பிள்ளை
மாங்கா,மாம்பழம்
காத்து,காற்று
மல,மலை
கல்லு,கல்
லாச்சி,இழுப்பறை
பேன,பேனா
மேச,மேசை
புட்டுவம்,கதிரை
கோப்ப,கோப்பை
குட,குடை
பீங்கி,வீங்கி
வெரல்,விரல்
இன்னம்,இன்னும்
ராத்தா,அக்கா
பொறப்புகள்,உடன் பிறப்புக்கள்
மால,மாலை
மழ,மழை
பல்லு,பல்
ஒலகம்,உலகம்
ஓலக்க,உலக்கை
கொல்லப்பக்கம்,பின்புறம்
சுருக்கா,அவசரமாக
மேச,மேசை
தண்ணி,தண்ணீர்
பொஹ,புகை
மொஹம்,முகம்
தெறம,திறமை
நெலம்,நிலம்
சொஹரு,சிவரு
பச்ச,பச்சை
வெரல்,விரல்
தல,தலை
ஒதடு,உதடு
கட்ட,கட்டை
பள்ளு,பல்
கவல,கவலை
கட்டுற,கட்டுரை
ஒதவி,உதவி
மொற,முறை
பரவ,பறவை
பொறந்த நாள்,பிறந்த நாள்
ரத்தம்,இரத்தம்
கொழந்த,குழந்தை
உடுப்பு,ஆடை
கொழப்பம்,குழப்பம்
வெளக்கம்,விளக்கம்
ராவு,இரவு
தெச,திசை
ஊத்தை,அழுக்கு
மொதலாளி,முதலாளி
பிள,பிழை
வெளக்கம்,விளக்கம்
உண்ம,உண்மை
குப்ப,குப்பை
ஒசரம்,உயரம்
கட்பன,கட்பனை
எடம்,இடம்
எறச்சி,இறைச்சி
நெனவு,நினைவு
கடம,கடமை
பொரும,பொறுமை
கொல்ஹ,கொள்கை
பிரச்சின,பிரச்சினை
தேவ,தேவை
கத,கதை
பதட்டம்,பதற்றம்
ரெண்டு,இரண்டு
ஒண்டு,ஒன்று
மருகா,மறுபடியும்
செருப்பு,பாதணி
உரலோஸ்,கடிகாரம்
உடுப்பு,ஆடை
புட்டுவம்,கதிரை
குதற,குதிரை
மோஹம்,முகம்
நாளைக்கு,நாளை
பூன,பூனை
நெலும்பு,நுளம்பு
தல,தலை
அம்புல,ஆண்பிள்
பொம்புள,பெண்பிள்ளை
பிரச்சின,பிரச்சினை
ஜாய்,நன்றாக
மாறுவதை,மரியாதை
நப்பஹாம்,ஞாபகம்
வேற,வேறு
மிச்சம்,நிறைய
போறது,பிறகு
யாரு,யார்
போய்க்கி,பொய்
பெரும,பெருமை
பொறும,பொறுமை
சோம்பரம்,சோர்வு
சோஹம்,சுகம்
வேணும்,வேண்டும்
என்டு,என்று